id,pclass,survived,sex,age,sibsp,parch,fare,embarked
0,1,1,female,29,0,0,211.3375,S
1,1,1,male,0.9167,1,2,151.55,S
2,1,0,female,2,1,2,151.55,S
3,1,0,male,30,1,2,151.55,S
4,1,0,female,25,1,2,151.55,S
5,1,1,male,48,0,0,26.55,S
6,1,1,female,63,1,0,77.9583,S
7,1,0,male,39,0,0,0,S
8,1,1,female,53,2,0,51.4792,S
9,1,0,male,71,0,0,49.5042,C
10,1,0,male,47,1,0,227.525,C
11,1,1,female,18,1,0,227.525,C
12,1,1,female,24,0,0,69.3,C
13,1,1,female,26,0,0,78.85,S
14,1,1,male,80,0,0,30,S
15,1,0,male,,0,0,25.925,S
16,1,0,male,24,0,1,247.5208,C
17,1,1,female,50,0,1,247.5208,C
18,1,1,female,32,0,0,76.2917,C
19,1,0,male,36,0,0,75.2417,C
20,1,1,male,37,1,1,52.5542,S
21,1,1,female,47,1,1,52.5542,S
22,1,1,male,26,0,0,30,C
23,1,1,female,42,0,0,227.525,C
24,1,1,female,29,0,0,221.7792,S
25,1,0,male,25,0,0,26,C
26,1,1,male,25,1,0,91.0792,C
27,1,1,female,19,1,0,91.0792,C
28,1,1,female,35,0,0,135.6333,S
29,1,1,male,28,0,0,26.55,S
30,1,0,male,45,0,0,35.5,S
31,1,1,male,40,0,0,31,C
32,1,1,female,30,0,0,164.8667,S
33,1,1,female,58,0,0,26.55,S
34,1,0,male,42,0,0,26.55,S
35,1,1,female,45,0,0,262.375,C
36,1,1,female,22,0,1,55,S
37,1,1,male,,0,0,26.55,S
38,1,0,male,41,0,0,30.5,S
39,1,0,male,48,0,0,50.4958,C
40,1,0,male,,0,0,39.6,C
41,1,1,female,44,0,0,27.7208,C
42,1,1,female,59,2,0,51.4792,S
43,1,1,female,60,0,0,76.2917,C
44,1,1,female,41,0,0,134.5,C
45,1,0,male,45,0,0,26.55,S
46,1,0,male,,0,0,31,S
47,1,1,male,42,0,0,26.2875,S
48,1,1,female,53,0,0,27.4458,C
49,1,1,male,36,0,1,512.3292,C
50,1,1,female,58,0,1,512.3292,C
51,1,0,male,33,0,0,5,S
52,1,0,male,28,0,0,47.1,S
53,1,0,male,17,0,0,47.1,S
54,1,1,male,11,1,2,120,S
55,1,1,female,14,1,2,120,S
56,1,1,male,36,1,2,120,S
57,1,1,female,36,1,2,120,S
58,1,0,male,49,0,0,26,S
59,1,1,female,,0,0,27.7208,C
60,1,0,male,36,1,0,78.85,S
61,1,1,female,76,1,0,78.85,S
62,1,0,male,46,1,0,61.175,S
63,1,1,female,47,1,0,61.175,S
64,1,1,male,27,1,0,53.1,S
65,1,1,female,33,1,0,53.1,S
66,1,1,female,36,0,0,262.375,C
67,1,1,female,30,0,0,86.5,S
68,1,1,male,45,0,0,29.7,C
69,1,1,female,,0,1,55,S
70,1,0,male,,0,0,0,S
71,1,0,male,27,1,0,136.7792,C
72,1,1,female,26,1,0,136.7792,C
73,1,1,female,22,0,0,151.55,S
74,1,0,male,,0,0,52,S
75,1,0,male,47,0,0,25.5875,S
76,1,1,female,39,1,1,83.1583,C
77,1,0,male,37,1,1,83.1583,C
78,1,1,female,64,0,2,83.1583,C
79,1,1,female,55,2,0,25.7,S
80,1,0,male,,0,0,26.55,S
81,1,0,male,70,1,1,71,S
82,1,1,female,36,0,2,71,S
83,1,1,female,64,1,1,26.55,S
84,1,0,male,39,1,0,71.2833,C
85,1,1,female,38,1,0,71.2833,C
86,1,1,male,51,0,0,26.55,S
87,1,1,male,27,0,0,30.5,S
88,1,1,female,33,0,0,151.55,S
89,1,0,male,31,1,0,52,S
90,1,1,female,27,1,2,52,S
91,1,1,male,31,1,0,57,S
92,1,1,female,17,1,0,57,S
93,1,1,male,53,1,1,81.8583,S
94,1,1,male,4,0,2,81.8583,S
95,1,1,female,54,1,1,81.8583,S
96,1,0,male,50,1,0,106.425,C
97,1,1,female,27,1,1,247.5208,C
98,1,1,female,48,1,0,106.425,C
99,1,1,female,48,1,0,39.6,C
100,1,1,male,49,1,0,56.9292,C
101,1,0,male,39,0,0,29.7,C
102,1,1,female,23,0,1,83.1583,C
103,1,1,female,38,0,0,227.525,C
104,1,1,female,54,1,0,78.2667,C
105,1,0,female,36,0,0,31.6792,C
106,1,0,male,,0,0,221.7792,S
107,1,1,female,,0,0,31.6833,S
108,1,1,female,,0,0,110.8833,C
109,1,1,male,36,0,0,26.3875,S
110,1,0,male,30,0,0,27.75,C
111,1,1,female,24,3,2,263,S
112,1,1,female,28,3,2,263,S
113,1,1,female,23,3,2,263,S
114,1,0,male,19,3,2,263,S
115,1,0,male,64,1,4,263,S
116,1,1,female,60,1,4,263,S
117,1,1,female,30,0,0,56.9292,C
118,1,0,male,,0,0,26.55,S
119,1,1,male,50,2,0,133.65,S
120,1,1,male,43,1,0,27.7208,C
121,1,1,female,,1,0,133.65,S
122,1,1,female,22,0,2,49.5,C
123,1,1,male,60,1,1,79.2,C
124,1,1,female,48,1,1,79.2,C
125,1,0,male,,0,0,0,S
126,1,0,male,37,1,0,53.1,S
127,1,1,female,35,1,0,53.1,S
128,1,0,male,47,0,0,38.5,S
129,1,1,female,35,0,0,211.5,C
130,1,1,female,22,0,1,59.4,C
131,1,1,female,45,0,1,59.4,C
132,1,0,male,24,0,0,79.2,C
133,1,1,male,49,1,0,89.1042,C
134,1,1,female,,1,0,89.1042,C
135,1,0,male,71,0,0,34.6542,C
136,1,1,male,53,0,0,28.5,C
137,1,1,female,19,0,0,30,S
138,1,0,male,38,0,1,153.4625,S
139,1,1,female,58,0,1,153.4625,S
140,1,1,male,23,0,1,63.3583,C
141,1,1,female,45,0,1,63.3583,C
142,1,0,male,46,0,0,79.2,C
143,1,1,male,25,1,0,55.4417,C
144,1,1,female,25,1,0,55.4417,C
145,1,1,male,48,1,0,76.7292,C
146,1,1,female,49,1,0,76.7292,C
147,1,0,male,,0,0,42.4,S
148,1,0,male,45,1,0,83.475,S
149,1,1,female,35,1,0,83.475,S
150,1,0,male,40,0,0,0,S
151,1,1,male,27,0,0,76.7292,C
152,1,1,male,,0,0,30,S
153,1,1,female,24,0,0,83.1583,C
154,1,0,male,55,1,1,93.5,S
155,1,1,female,52,1,1,93.5,S
156,1,0,male,42,0,0,42.5,S
157,1,0,male,,0,0,51.8625,S
158,1,0,male,55,0,0,50,S
159,1,1,female,16,0,1,57.9792,C
160,1,1,female,44,0,1,57.9792,C
161,1,1,female,51,1,0,77.9583,S
162,1,0,male,42,1,0,52,S
163,1,1,female,35,1,0,52,S
164,1,1,male,35,0,0,26.55,C
165,1,1,male,38,1,0,90,S
166,1,0,male,,0,0,30.6958,C
167,1,1,female,35,1,0,90,S
168,1,1,female,38,0,0,80,
169,1,0,female,50,0,0,28.7125,C
170,1,1,male,49,0,0,0,S
171,1,0,male,46,0,0,26,S
172,1,0,male,50,0,0,26,S
173,1,0,male,32.5,0,0,211.5,C
174,1,0,male,58,0,0,29.7,C
175,1,0,male,41,1,0,51.8625,S
176,1,1,female,,1,0,51.8625,S
177,1,1,male,42,1,0,52.5542,S
178,1,1,female,45,1,0,52.5542,S
179,1,0,male,,0,0,26.55,S
180,1,1,female,39,0,0,211.3375,S
181,1,1,female,49,0,0,25.9292,S
182,1,1,female,30,0,0,106.425,C
183,1,1,male,35,0,0,512.3292,C
184,1,0,male,,0,0,27.7208,C
185,1,0,male,42,0,0,26.55,S
186,1,1,female,55,0,0,27.7208,C
187,1,1,female,16,0,1,39.4,S
188,1,1,female,51,0,1,39.4,S
189,1,0,male,29,0,0,30,S
190,1,1,female,21,0,0,77.9583,S
191,1,0,male,30,0,0,45.5,S
192,1,1,female,58,0,0,146.5208,C
193,1,1,female,15,0,1,211.3375,S
194,1,0,male,30,0,0,26,S
195,1,1,female,16,0,0,86.5,S
196,1,1,male,,0,0,29.7,C
197,1,0,male,19,1,0,53.1,S
198,1,1,female,18,1,0,53.1,S
199,1,1,female,24,0,0,49.5042,C
200,1,0,male,46,0,0,75.2417,C
201,1,0,male,54,0,0,51.8625,S
202,1,1,male,36,0,0,26.2875,S
203,1,0,male,28,1,0,82.1708,C
204,1,1,female,,1,0,82.1708,C
205,1,0,male,65,0,0,26.55,S
206,1,0,male,44,2,0,90,Q
207,1,1,female,33,1,0,90,Q
208,1,1,female,37,1,0,90,Q
209,1,1,male,30,1,0,57.75,C
210,1,0,male,55,0,0,30.5,S
211,1,0,male,47,0,0,42.4,S
212,1,0,male,37,0,1,29.7,C
213,1,1,female,31,1,0,113.275,C
214,1,1,female,23,1,0,113.275,C
215,1,0,male,58,0,2,113.275,C
216,1,1,female,19,0,2,26.2833,S
217,1,0,male,64,0,0,26,S
218,1,1,female,39,0,0,108.9,C
219,1,1,male,,0,0,25.7417,C
220,1,1,female,22,0,1,61.9792,C
221,1,0,male,65,0,1,61.9792,C
222,1,0,male,28.5,0,0,27.7208,C
223,1,0,male,,0,0,0,S
224,1,0,male,45.5,0,0,28.5,S
225,1,0,male,23,0,0,93.5,S
226,1,0,male,29,1,0,66.6,S
227,1,1,female,22,1,0,66.6,S
228,1,0,male,18,1,0,108.9,C
229,1,1,female,17,1,0,108.9,C
230,1,1,female,30,0,0,93.5,S
231,1,1,male,52,0,0,30.5,S
232,1,0,male,47,0,0,52,S
233,1,1,female,56,0,1,83.1583,C
234,1,0,male,38,0,0,0,S
235,1,1,male,,0,0,39.6,S
236,1,0,male,22,0,0,135.6333,C
237,1,0,male,,0,0,227.525,C
238,1,1,female,43,0,1,211.3375,S
239,1,0,male,31,0,0,50.4958,S
240,1,1,male,45,0,0,26.55,S
241,1,0,male,,0,0,50,S
242,1,1,female,33,0,0,27.7208,C
243,1,0,male,46,0,0,79.2,C
244,1,0,male,36,0,0,40.125,C
245,1,1,female,33,0,0,86.5,S
246,1,0,male,55,1,0,59.4,C
247,1,1,female,54,1,0,59.4,C
248,1,0,male,33,0,0,26.55,S
249,1,1,male,13,2,2,262.375,C
250,1,1,female,18,2,2,262.375,C
251,1,1,female,21,2,2,262.375,C
252,1,0,male,61,1,3,262.375,C
253,1,1,female,48,1,3,262.375,C
254,1,1,male,,0,0,30.5,S
255,1,1,female,24,0,0,69.3,C
256,1,1,male,,0,0,26,S
257,1,1,female,35,1,0,57.75,C
258,1,1,female,30,0,0,31,C
259,1,1,male,34,0,0,26.55,S
260,1,1,female,40,0,0,153.4625,S
261,1,1,male,35,0,0,26.2875,S
262,1,0,male,50,1,0,55.9,S
263,1,1,female,39,1,0,55.9,S
264,1,1,male,56,0,0,35.5,C
265,1,1,male,28,0,0,35.5,S
266,1,0,male,56,0,0,26.55,S
267,1,0,male,56,0,0,30.6958,C
268,1,0,male,24,1,0,60,S
269,1,0,male,,0,0,26,S
270,1,1,female,18,1,0,60,S
271,1,1,male,24,1,0,82.2667,S
272,1,1,female,23,1,0,82.2667,S
273,1,1,male,6,0,2,134.5,C
274,1,1,male,45,1,1,134.5,C
275,1,1,female,40,1,1,134.5,C
276,1,0,male,57,1,0,146.5208,C
277,1,1,female,,1,0,146.5208,C
278,1,1,male,32,0,0,30.5,C
279,1,0,male,62,0,0,26.55,S
280,1,1,male,54,1,0,55.4417,C
281,1,1,female,43,1,0,55.4417,C
282,1,1,female,52,1,0,78.2667,C
283,1,0,male,,0,0,27.7208,C
284,1,1,female,62,0,0,80,
285,1,0,male,67,1,0,221.7792,S
286,1,0,female,63,1,0,221.7792,S
287,1,0,male,61,0,0,32.3208,S
288,1,1,female,48,0,0,25.9292,S
289,1,1,female,18,0,2,79.65,S
290,1,0,male,52,1,1,79.65,S
291,1,1,female,39,1,1,79.65,S
292,1,1,male,48,1,0,52,S
293,1,1,female,,1,0,52,S
294,1,0,male,49,1,1,110.8833,C
295,1,1,male,17,0,2,110.8833,C
296,1,1,female,39,1,1,110.8833,C
297,1,1,female,,0,0,79.2,C
298,1,1,male,31,0,0,28.5375,C
299,1,0,male,40,0,0,27.7208,C
300,1,0,male,61,0,0,33.5,S
301,1,0,male,47,0,0,34.0208,S
302,1,1,female,35,0,0,512.3292,C
303,1,0,male,64,1,0,75.25,C
304,1,1,female,60,1,0,75.25,C
305,1,0,male,60,0,0,26.55,S
306,1,0,male,54,0,1,77.2875,S
307,1,0,male,21,0,1,77.2875,S
308,1,1,female,55,0,0,135.6333,C
309,1,1,female,31,0,2,164.8667,S
310,1,0,male,57,1,1,164.8667,S
311,1,1,female,45,1,1,164.8667,S
312,1,0,male,50,1,1,211.5,C
313,1,0,male,27,0,2,211.5,C
314,1,1,female,50,1,1,211.5,C
315,1,1,female,21,0,0,26.55,S
316,1,0,male,51,0,1,61.3792,C
317,1,1,male,21,0,1,61.3792,C
318,1,0,male,,0,0,35,S
319,1,1,female,31,0,0,134.5,C
320,1,1,male,,0,0,35.5,S
321,1,0,male,62,0,0,26.55,S
322,1,1,female,36,0,0,135.6333,C
323,2,0,male,30,1,0,24,C
324,2,1,female,28,1,0,24,C
325,2,0,male,30,0,0,13,S
326,2,0,male,18,0,0,11.5,S
327,2,0,male,25,0,0,10.5,S
328,2,0,male,34,1,0,26,S
329,2,1,female,36,1,0,26,S
330,2,0,male,57,0,0,13,S
331,2,0,male,18,0,0,11.5,S
332,2,0,male,23,0,0,10.5,S
333,2,1,female,36,0,0,13,S
334,2,0,male,28,0,0,10.5,S
335,2,0,male,51,0,0,12.525,S
336,2,1,male,32,1,0,26,S
337,2,1,female,19,1,0,26,S
338,2,0,male,28,0,0,26,S
339,2,1,male,1,2,1,39,S
340,2,1,female,4,2,1,39,S
341,2,1,female,12,2,1,39,S
342,2,1,female,36,0,3,39,S
343,2,1,male,34,0,0,13,S
344,2,1,female,19,0,0,13,S
345,2,0,male,23,0,0,13,S
346,2,0,male,26,0,0,13,S
347,2,0,male,42,0,0,13,S
348,2,0,male,27,0,0,13,S
349,2,1,female,24,0,0,13,S
350,2,1,female,15,0,2,39,S
351,2,0,male,60,1,1,39,S
352,2,1,female,40,1,1,39,S
353,2,1,female,20,1,0,26,S
354,2,0,male,25,1,0,26,S
355,2,1,female,36,0,0,13,S
356,2,0,male,25,0,0,13,S
357,2,0,male,42,0,0,13,S
358,2,1,female,42,0,0,13,S
359,2,1,male,0.8333,0,2,29,S
360,2,1,male,26,1,1,29,S
361,2,1,female,22,1,1,29,S
362,2,1,female,35,0,0,21,S
363,2,0,male,,0,0,0,S
364,2,0,male,19,0,0,13,S
365,2,0,female,44,1,0,26,S
366,2,0,male,54,1,0,26,S
367,2,0,male,52,0,0,13.5,S
368,2,0,male,37,1,0,26,S
369,2,0,female,29,1,0,26,S
370,2,1,female,25,1,1,30,S
371,2,1,female,45,0,2,30,S
372,2,0,male,29,1,0,26,S
373,2,1,female,28,1,0,26,S
374,2,0,male,29,0,0,10.5,S
375,2,0,male,28,0,0,13,S
376,2,1,male,24,0,0,10.5,S
377,2,1,female,8,0,2,26.25,S
378,2,0,male,31,1,1,26.25,S
379,2,1,female,31,1,1,26.25,S
380,2,1,female,22,0,0,10.5,S
381,2,0,female,30,0,0,13,S
382,2,0,female,,0,0,21,S
383,2,0,male,21,0,0,11.5,S
384,2,0,male,,0,0,0,S
385,2,1,male,8,1,1,36.75,S
386,2,0,male,18,0,0,73.5,S
387,2,1,female,48,0,2,36.75,S
388,2,1,female,28,0,0,13,S
389,2,0,male,32,0,0,13,S
390,2,0,male,17,0,0,73.5,S
391,2,0,male,29,1,0,27.7208,C
392,2,1,female,24,1,0,27.7208,C
393,2,0,male,25,0,0,31.5,S
394,2,0,male,18,0,0,73.5,S
395,2,1,female,18,0,1,23,S
396,2,1,female,34,0,1,23,S
397,2,0,male,54,0,0,26,S
398,2,1,male,8,0,2,32.5,S
399,2,0,male,42,1,1,32.5,S
400,2,1,female,34,1,1,32.5,S
401,2,1,female,27,1,0,13.8583,C
402,2,1,female,30,1,0,13.8583,C
403,2,0,male,23,0,0,13,S
404,2,0,male,21,0,0,13,S
405,2,0,male,18,0,0,13,S
406,2,0,male,40,1,0,26,S
407,2,1,female,29,1,0,26,S
408,2,0,male,18,0,0,10.5,S
409,2,0,male,36,0,0,13,S
410,2,0,male,,0,0,0,S
411,2,0,female,38,0,0,13,S
412,2,0,male,35,0,0,26,S
413,2,0,male,38,1,0,21,S
414,2,0,male,34,1,0,21,S
415,2,1,female,34,0,0,13,S
416,2,0,male,16,0,0,26,S
417,2,0,male,26,0,0,10.5,S
418,2,0,male,47,0,0,10.5,S
419,2,0,male,21,1,0,11.5,S
420,2,0,male,21,1,0,11.5,S
421,2,0,male,24,0,0,13.5,S
422,2,0,male,24,0,0,13,S
423,2,0,male,34,0,0,13,S
424,2,0,male,30,0,0,13,S
425,2,0,male,52,0,0,13,S
426,2,0,male,30,0,0,13,S
427,2,1,male,0.6667,1,1,14.5,S
428,2,1,female,24,0,2,14.5,S
429,2,0,male,44,0,0,13,S
430,2,1,female,6,0,1,33,S
431,2,0,male,28,0,1,33,S
432,2,1,male,62,0,0,10.5,S
433,2,0,male,30,0,0,10.5,S
434,2,1,female,7,0,2,26.25,S
435,2,0,male,43,1,1,26.25,S
436,2,1,female,45,1,1,26.25,S
437,2,1,female,24,1,2,65,S
438,2,1,female,24,1,2,65,S
439,2,0,male,49,1,2,65,S
440,2,1,female,48,1,2,65,S
441,2,1,female,55,0,0,16,S
442,2,0,male,24,2,0,73.5,S
443,2,0,male,32,2,0,73.5,S
444,2,0,male,21,2,0,73.5,S
445,2,0,female,18,1,1,13,S
446,2,1,female,20,2,1,23,S
447,2,0,male,23,2,1,11.5,S
448,2,0,male,36,0,0,13,S
449,2,1,female,54,1,3,23,S
450,2,0,male,50,0,0,13,S
451,2,0,male,44,1,0,26,S
452,2,1,female,29,1,0,26,S
453,2,0,male,21,0,0,73.5,S
454,2,1,male,42,0,0,13,S
455,2,0,male,63,1,0,26,S
456,2,0,female,60,1,0,26,S
457,2,0,male,33,0,0,12.275,S
458,2,1,female,17,0,0,10.5,S
459,2,0,male,42,1,0,27,S
460,2,1,female,24,2,1,27,S
461,2,0,male,47,0,0,15,S
462,2,0,male,24,2,0,31.5,S
463,2,0,male,22,2,0,31.5,S
464,2,0,male,32,0,0,10.5,S
465,2,1,female,23,0,0,13.7917,C
466,2,0,male,34,1,0,26,S
467,2,1,female,24,1,0,26,S
468,2,0,female,22,0,0,21,S
469,2,1,female,,0,0,12.35,Q
470,2,0,male,35,0,0,12.35,Q
471,2,1,female,45,0,0,13.5,S
472,2,0,male,57,0,0,12.35,Q
473,2,0,male,,0,0,0,S
474,2,0,male,31,0,0,10.5,S
475,2,0,female,26,1,1,26,S
476,2,0,male,30,1,1,26,S
477,2,0,male,,0,0,10.7083,Q
478,2,1,female,1,1,2,41.5792,C
479,2,1,female,3,1,2,41.5792,C
480,2,0,male,25,1,2,41.5792,C
481,2,1,female,22,1,2,41.5792,C
482,2,1,female,17,0,0,12,C
483,2,1,female,,0,0,33,S
484,2,1,female,34,0,0,10.5,S
485,2,0,male,36,0,0,12.875,C
486,2,0,male,24,0,0,10.5,S
487,2,0,male,61,0,0,12.35,Q
488,2,0,male,50,1,0,26,S
489,2,1,female,42,1,0,26,S
490,2,0,female,57,0,0,10.5,S
491,2,0,male,,0,0,15.0458,C
492,2,1,male,1,0,2,37.0042,C
493,2,0,male,31,1,1,37.0042,C
494,2,1,female,24,1,1,37.0042,C
495,2,0,male,,0,0,15.5792,C
496,2,0,male,30,0,0,13,S
497,2,0,male,40,0,0,16,S
498,2,0,male,32,0,0,13.5,S
499,2,0,male,30,0,0,13,S
500,2,0,male,46,0,0,26,S
501,2,1,female,13,0,1,19.5,S
502,2,1,female,41,0,1,19.5,S
503,2,1,male,19,0,0,10.5,S
504,2,0,male,39,0,0,13,S
505,2,0,male,48,0,0,13,S
506,2,0,male,70,0,0,10.5,S
507,2,0,male,27,0,0,13,S
508,2,0,male,54,0,0,14,S
509,2,0,male,39,0,0,26,S
510,2,0,male,16,0,0,10.5,S
511,2,0,male,62,0,0,9.6875,Q
512,2,0,male,32.5,1,0,30.0708,C
513,2,1,female,14,1,0,30.0708,C
514,2,1,male,2,1,1,26,S
515,2,1,male,3,1,1,26,S
516,2,0,male,36.5,0,2,26,S
517,2,0,male,26,0,0,13,S
518,2,0,male,19,1,1,36.75,S
519,2,0,male,28,0,0,13.5,S
520,2,1,male,20,0,0,13.8625,C
521,2,1,female,29,0,0,10.5,S
522,2,0,male,39,0,0,13,S
523,2,1,male,22,0,0,10.5,S
524,2,1,male,,0,0,13.8625,C
525,2,0,male,23,0,0,10.5,S
526,2,1,male,29,0,0,13.8583,C
527,2,0,male,28,0,0,10.5,S
528,2,0,male,,0,0,0,S
529,2,1,female,50,0,1,26,S
530,2,0,male,19,0,0,10.5,S
531,2,0,male,,0,0,15.05,C
532,2,0,male,41,0,0,13,S
533,2,1,female,21,0,1,21,S
534,2,1,female,19,0,0,26,S
535,2,0,male,43,0,1,21,S
536,2,1,female,32,0,0,13,S
537,2,0,male,34,0,0,13,S
538,2,1,male,30,0,0,12.7375,C
539,2,0,male,27,0,0,15.0333,C
540,2,1,female,2,1,1,26,S
541,2,1,female,8,1,1,26,S
542,2,1,female,33,0,2,26,S
543,2,0,male,36,0,0,10.5,S
544,2,0,male,34,1,0,21,S
545,2,1,female,30,3,0,21,S
546,2,1,female,28,0,0,13,S
547,2,0,male,23,0,0,15.0458,C
548,2,1,male,0.8333,1,1,18.75,S
549,2,1,male,3,1,1,18.75,S
550,2,1,female,24,2,3,18.75,S
551,2,1,female,50,0,0,10.5,S
552,2,0,male,19,0,0,10.5,S
553,2,1,female,21,0,0,10.5,S
554,2,0,male,26,0,0,13,S
555,2,0,male,25,0,0,13,S
556,2,0,male,27,0,0,26,S
557,2,1,female,25,0,1,26,S
558,2,1,female,18,0,2,13,S
559,2,1,female,20,0,0,36.75,S
560,2,1,female,30,0,0,13,S
561,2,0,male,59,0,0,13.5,S
562,2,1,female,30,0,0,12.35,Q
563,2,0,male,35,0,0,10.5,S
564,2,1,female,40,0,0,13,S
565,2,0,male,25,0,0,13,S
566,2,0,male,41,0,0,15.0458,C
567,2,0,male,25,0,0,10.5,S
568,2,0,male,18.5,0,0,13,S
569,2,0,male,14,0,0,65,S
570,2,1,female,50,0,0,10.5,S
571,2,0,male,23,0,0,13,S
572,2,1,female,28,0,0,12.65,S
573,2,1,female,27,0,0,10.5,S
574,2,0,male,29,1,0,21,S
575,2,0,female,27,1,0,21,S
576,2,0,male,40,0,0,13,S
577,2,1,female,31,0,0,21,S
578,2,0,male,30,1,0,21,S
579,2,0,male,23,1,0,10.5,S
580,2,1,female,31,0,0,21,S
581,2,0,male,,0,0,0,S
582,2,1,female,12,0,0,15.75,S
583,2,1,female,40,0,0,15.75,S
584,2,1,female,32.5,0,0,13,S
585,2,0,male,27,1,0,26,S
586,2,1,female,29,1,0,26,S
587,2,1,male,2,1,1,23,S
588,2,1,female,4,1,1,23,S
589,2,1,female,29,0,2,23,S
590,2,1,female,0.9167,1,2,27.75,S
591,2,1,female,5,1,2,27.75,S
592,2,0,male,36,1,2,27.75,S
593,2,1,female,33,1,2,27.75,S
594,2,0,male,66,0,0,10.5,S
595,2,0,male,,0,0,12.875,S
596,2,1,male,31,0,0,13,S
597,2,1,male,,0,0,13,S
598,2,1,female,26,0,0,13.5,S
599,2,0,female,24,0,0,13,S
600,3,0,male,42,0,0,7.55,S
601,3,0,male,13,0,2,20.25,S
602,3,0,male,16,1,1,20.25,S
603,3,1,female,35,1,1,20.25,S
604,3,1,female,16,0,0,7.65,S
605,3,1,male,25,0,0,7.65,S
606,3,1,male,20,0,0,7.925,S
607,3,1,female,18,0,0,7.2292,C
608,3,0,male,30,0,0,7.25,S
609,3,0,male,26,0,0,8.05,S
610,3,0,female,40,1,0,9.475,S
611,3,1,male,0.8333,0,1,9.35,S
612,3,1,female,18,0,1,9.35,S
613,3,1,male,26,0,0,18.7875,C
614,3,0,male,26,0,0,7.8875,S
615,3,0,male,20,0,0,7.925,S
616,3,0,male,24,0,0,7.05,S
617,3,0,male,25,0,0,7.05,S
618,3,0,male,35,0,0,8.05,S
619,3,0,male,18,0,0,8.3,S
620,3,0,male,32,0,0,22.525,S
621,3,1,female,19,1,0,7.8542,S
622,3,0,male,4,4,2,31.275,S
623,3,0,female,6,4,2,31.275,S
624,3,0,female,2,4,2,31.275,S
625,3,1,female,17,4,2,7.925,S
626,3,0,female,38,4,2,7.775,S
627,3,0,female,9,4,2,31.275,S
628,3,0,female,11,4,2,31.275,S
629,3,0,male,39,1,5,31.275,S
630,3,1,male,27,0,0,7.7958,S
631,3,0,male,26,0,0,7.775,S
632,3,0,female,39,1,5,31.275,S
633,3,0,male,20,0,0,7.8542,S
634,3,0,male,26,0,0,7.8958,S
635,3,0,male,25,1,0,17.8,S
636,3,0,female,18,1,0,17.8,S
637,3,0,male,24,0,0,7.775,S
638,3,0,male,35,0,0,7.05,S
639,3,0,male,5,4,2,31.3875,S
640,3,0,male,9,4,2,31.3875,S
641,3,1,male,3,4,2,31.3875,S
642,3,0,male,13,4,2,31.3875,S
643,3,1,female,5,4,2,31.3875,S
644,3,0,male,40,1,5,31.3875,S
645,3,1,male,23,0,0,7.7958,S
646,3,1,female,38,1,5,31.3875,S
647,3,1,female,45,0,0,7.225,C
648,3,0,male,21,0,0,7.225,C
649,3,0,male,23,0,0,7.05,S
650,3,0,female,17,0,0,14.4583,C
651,3,0,male,30,0,0,7.225,C
652,3,0,male,23,0,0,7.8542,S
653,3,1,female,13,0,0,7.2292,C
654,3,0,male,20,0,0,7.225,C
655,3,0,male,32,1,0,15.85,S
656,3,1,female,33,3,0,15.85,S
657,3,1,female,0.75,2,1,19.2583,C
658,3,1,female,0.75,2,1,19.2583,C
659,3,1,female,5,2,1,19.2583,C
660,3,1,female,24,0,3,19.2583,C
661,3,1,female,18,0,0,8.05,S
662,3,0,male,40,0,0,7.225,C
663,3,0,male,26,0,0,7.8958,S
664,3,1,male,20,0,0,7.2292,C
665,3,0,female,18,0,1,14.4542,C
666,3,0,female,45,0,1,14.4542,C
667,3,0,female,27,0,0,7.8792,Q
668,3,0,male,22,0,0,8.05,S
669,3,0,male,19,0,0,8.05,S
670,3,0,male,26,0,0,7.775,S
671,3,0,male,22,0,0,9.35,S
672,3,0,male,,0,0,7.2292,C
673,3,0,male,20,0,0,4.0125,C
674,3,1,male,32,0,0,56.4958,S
675,3,0,male,21,0,0,7.775,S
676,3,0,male,18,0,0,7.75,S
677,3,0,male,26,0,0,7.8958,S
678,3,0,male,6,1,1,15.2458,C
679,3,0,female,9,1,1,15.2458,C
680,3,0,male,,0,0,7.225,C
681,3,0,female,,0,2,15.2458,C
682,3,0,female,,0,2,7.75,Q
683,3,0,male,40,1,1,15.5,Q
684,3,0,female,32,1,1,15.5,Q
685,3,0,male,21,0,0,16.1,S
686,3,1,female,22,0,0,7.725,Q
687,3,0,female,20,0,0,7.8542,S
688,3,0,male,29,1,0,7.0458,S
689,3,0,male,22,1,0,7.25,S
690,3,0,male,22,0,0,7.7958,S
691,3,0,male,35,0,0,8.05,S
692,3,0,female,18.5,0,0,7.2833,Q
693,3,1,male,21,0,0,7.8208,Q
694,3,0,male,19,0,0,6.75,Q
695,3,0,female,18,0,0,7.8792,Q
696,3,0,female,21,0,0,8.6625,S
697,3,0,female,30,0,0,8.6625,S
698,3,0,male,18,0,0,8.6625,S
699,3,0,male,38,0,0,8.6625,S
700,3,0,male,17,0,0,8.6625,S
701,3,0,male,17,0,0,8.6625,S
702,3,0,female,21,0,0,7.75,Q
703,3,0,male,21,0,0,7.75,Q
704,3,0,male,21,0,0,8.05,S
705,3,0,male,,1,0,14.4583,C
706,3,0,female,,1,0,14.4583,C
707,3,0,male,28,0,0,7.7958,S
708,3,0,male,24,0,0,7.8542,S
709,3,1,female,16,0,0,7.75,Q
710,3,0,female,37,0,0,7.75,Q
711,3,0,male,28,0,0,7.25,S
712,3,0,male,24,0,0,8.05,S
713,3,0,male,21,0,0,7.7333,Q
714,3,1,male,32,0,0,56.4958,S
715,3,0,male,29,0,0,8.05,S
716,3,0,male,26,1,0,14.4542,C
717,3,0,male,18,1,0,14.4542,C
718,3,0,male,20,0,0,7.05,S
719,3,1,male,18,0,0,8.05,S
720,3,0,male,24,0,0,7.25,Q
721,3,0,male,36,0,0,7.4958,S
722,3,0,male,24,0,0,7.4958,S
723,3,0,male,31,0,0,7.7333,Q
724,3,0,male,31,0,0,7.75,Q
725,3,1,female,22,0,0,7.75,Q
726,3,0,female,30,0,0,7.6292,Q
727,3,0,male,70.5,0,0,7.75,Q
728,3,0,male,43,0,0,8.05,S
729,3,0,male,35,0,0,7.8958,S
730,3,0,male,27,0,0,7.8958,S
731,3,0,male,19,0,0,7.8958,S
732,3,0,male,30,0,0,8.05,S
733,3,1,male,9,1,1,15.9,S
734,3,1,male,3,1,1,15.9,S
735,3,1,female,36,0,2,15.9,S
736,3,0,male,59,0,0,7.25,S
737,3,0,male,19,0,0,8.1583,S
738,3,1,female,17,0,1,16.1,S
739,3,0,male,44,0,1,16.1,S
740,3,0,male,17,0,0,8.6625,S
741,3,0,male,22.5,0,0,7.225,C
742,3,1,male,45,0,0,8.05,S
743,3,0,female,22,0,0,10.5167,S
744,3,0,male,19,0,0,10.1708,S
745,3,1,female,30,0,0,6.95,Q
746,3,1,male,29,0,0,7.75,Q
747,3,0,male,0.3333,0,2,14.4,S
748,3,0,male,34,1,1,14.4,S
749,3,0,female,28,1,1,14.4,S
750,3,0,male,27,0,0,7.8958,S
751,3,0,male,25,0,0,7.8958,S
752,3,0,male,24,2,0,24.15,S
753,3,0,male,22,0,0,8.05,S
754,3,0,male,21,2,0,24.15,S
755,3,0,male,17,2,0,8.05,S
756,3,0,male,,1,0,16.1,S
757,3,1,female,,1,0,16.1,S
758,3,1,male,36.5,1,0,17.4,S
759,3,1,female,36,1,0,17.4,S
760,3,1,male,30,0,0,9.5,S
761,3,0,male,16,0,0,9.5,S
762,3,1,male,1,1,2,20.575,S
763,3,1,female,0.1667,1,2,20.575,S
764,3,0,male,26,1,2,20.575,S
765,3,1,female,33,1,2,20.575,S
766,3,0,male,25,0,0,7.8958,S
767,3,0,male,,0,0,7.8958,S
768,3,0,male,,0,0,7.8958,S
769,3,0,male,22,0,0,7.25,S
770,3,0,male,36,0,0,7.25,S
771,3,1,female,19,0,0,7.8792,Q
772,3,0,male,17,0,0,7.8958,S
773,3,0,male,42,0,0,8.6625,S
774,3,0,male,43,0,0,7.8958,S
775,3,0,male,,0,0,7.2292,C
776,3,0,male,32,0,0,7.75,Q
777,3,1,male,19,0,0,8.05,S
778,3,1,female,30,0,0,12.475,S
779,3,0,female,24,0,0,7.75,Q
780,3,1,female,23,0,0,8.05,S
781,3,0,male,33,0,0,7.8958,C
782,3,0,male,65,0,0,7.75,Q
783,3,1,male,24,0,0,7.55,S
784,3,0,male,23,1,0,13.9,S
785,3,1,female,22,1,0,13.9,S
786,3,0,male,18,0,0,7.775,S
787,3,0,male,16,0,0,7.775,S
788,3,0,male,45,0,0,6.975,S
789,3,0,male,,0,0,7.225,C
790,3,0,male,39,0,2,7.2292,C
791,3,0,male,17,1,1,7.2292,C
792,3,0,male,15,1,1,7.2292,C
793,3,0,male,47,0,0,7.25,S
794,3,1,female,5,0,0,12.475,S
795,3,0,male,,0,0,7.225,C
796,3,0,male,40.5,0,0,15.1,S
797,3,0,male,40.5,0,0,7.75,Q
798,3,1,male,,0,0,7.05,S
799,3,0,male,18,0,0,7.7958,S
800,3,0,female,,0,0,7.75,Q
801,3,0,male,,0,0,7.75,Q
802,3,0,male,,0,0,6.95,Q
803,3,0,male,26,0,0,7.8792,Q
804,3,0,male,,0,0,7.75,Q
805,3,1,male,,0,0,56.4958,S
806,3,0,female,21,2,2,34.375,S
807,3,0,female,9,2,2,34.375,S
808,3,0,male,,0,0,8.05,S
809,3,0,male,18,2,2,34.375,S
810,3,0,male,16,1,3,34.375,S
811,3,0,female,48,1,3,34.375,S
812,3,0,male,,0,0,7.75,Q
813,3,0,male,,0,0,7.25,S
814,3,0,male,25,0,0,7.7417,Q
815,3,0,male,,0,0,14.5,S
816,3,0,male,,0,0,7.8958,C
817,3,0,male,22,0,0,8.05,S
818,3,1,female,16,0,0,7.7333,Q
819,3,1,female,,0,0,7.75,Q
820,3,1,male,9,0,2,20.525,S
821,3,0,male,33,1,1,20.525,S
822,3,0,male,41,0,0,7.85,S
823,3,1,female,31,1,1,20.525,S
824,3,0,male,38,0,0,7.05,S
825,3,0,male,9,5,2,46.9,S
826,3,0,male,1,5,2,46.9,S
827,3,0,male,11,5,2,46.9,S
828,3,0,female,10,5,2,46.9,S
829,3,0,female,16,5,2,46.9,S
830,3,0,male,14,5,2,46.9,S
831,3,0,male,40,1,6,46.9,S
832,3,0,female,43,1,6,46.9,S
833,3,0,male,51,0,0,8.05,S
834,3,0,male,32,0,0,8.3625,S
835,3,0,male,,0,0,8.05,S
836,3,0,male,20,0,0,9.8458,S
837,3,0,male,37,2,0,7.925,S
838,3,0,male,28,2,0,7.925,S
839,3,0,male,19,0,0,7.775,S
840,3,0,female,24,0,0,8.85,S
841,3,0,female,17,0,0,7.7333,Q
842,3,0,male,,1,0,19.9667,S
843,3,0,male,,1,0,19.9667,S
844,3,0,male,28,1,0,15.85,S
845,3,1,female,24,1,0,15.85,S
846,3,0,male,20,0,0,9.5,S
847,3,0,male,23.5,0,0,7.2292,C
848,3,0,male,41,2,0,14.1083,S
849,3,0,male,26,1,0,7.8542,S
850,3,0,male,21,0,0,7.8542,S
851,3,1,female,45,1,0,14.1083,S
852,3,0,female,,0,0,7.55,S
853,3,0,male,25,0,0,7.25,S
854,3,0,male,,0,0,6.8583,Q
855,3,0,male,11,0,0,18.7875,C
856,3,1,female,,0,0,7.75,Q
857,3,1,male,27,0,0,6.975,S
858,3,1,male,,0,0,56.4958,S
859,3,0,female,18,0,0,6.75,Q
860,3,1,female,26,0,0,7.925,S
861,3,0,female,23,0,0,7.925,S
862,3,1,female,22,0,0,8.9625,S
863,3,0,male,28,0,0,7.8958,S
864,3,0,female,28,0,0,7.775,S
865,3,0,female,,0,0,7.75,Q
866,3,1,female,2,0,1,12.2875,S
867,3,1,female,22,1,1,12.2875,S
868,3,0,male,43,0,0,6.45,S
869,3,0,male,28,0,0,22.525,S
870,3,1,female,27,0,0,7.925,S
871,3,0,male,,0,0,7.75,Q
872,3,1,female,,0,0,8.05,S
873,3,0,male,42,0,0,7.65,S
874,3,1,male,,0,0,7.8875,S
875,3,0,male,30,0,0,7.2292,C
876,3,0,male,,0,0,7.8958,S
877,3,0,female,27,1,0,7.925,S
878,3,0,female,25,1,0,7.925,S
879,3,0,male,,0,0,7.8958,S
880,3,1,male,29,0,0,7.8958,C
881,3,1,male,21,0,0,7.7958,S
882,3,0,male,,0,0,7.05,S
883,3,0,male,20,0,0,7.8542,S
884,3,0,male,48,0,0,7.8542,S
885,3,0,male,17,1,0,7.0542,S
886,3,1,female,,0,0,7.75,Q
887,3,1,male,,0,0,8.1125,S
888,3,0,male,34,0,0,6.4958,S
889,3,1,male,26,0,0,7.775,S
890,3,0,male,22,0,0,7.7958,S
891,3,0,male,33,0,0,8.6542,S
892,3,0,male,31,0,0,7.775,S
893,3,0,male,29,0,0,7.8542,S
894,3,1,male,4,1,1,11.1333,S
895,3,1,female,1,1,1,11.1333,S
896,3,0,male,49,0,0,0,S
897,3,0,male,33,0,0,7.775,S
898,3,0,male,19,0,0,0,S
899,3,1,female,27,0,2,11.1333,S
900,3,0,male,,1,2,23.45,S
901,3,0,female,,1,2,23.45,S
902,3,0,male,,1,2,23.45,S
903,3,0,female,,1,2,23.45,S
904,3,0,male,23,0,0,7.8958,S
905,3,1,male,32,0,0,7.8542,S
906,3,0,male,27,0,0,7.8542,S
907,3,0,female,20,1,0,9.825,S
908,3,0,female,21,1,0,9.825,S
909,3,1,male,32,0,0,7.925,S
910,3,0,male,17,0,0,7.125,S
911,3,0,male,21,0,0,8.4333,S
912,3,0,male,30,0,0,7.8958,S
913,3,1,male,21,0,0,7.7958,S
914,3,0,male,33,0,0,7.8542,S
915,3,0,male,22,0,0,7.5208,S
916,3,1,female,4,0,1,13.4167,C
917,3,1,male,39,0,1,13.4167,C
918,3,0,male,,0,0,7.2292,C
919,3,0,male,18.5,0,0,7.2292,C
920,3,0,male,,0,0,7.75,Q
921,3,0,male,,0,0,7.25,S
922,3,1,female,,0,0,7.75,Q
923,3,1,female,,0,0,7.75,Q
924,3,0,male,34.5,0,0,7.8292,Q
925,3,0,male,44,0,0,8.05,S
926,3,1,male,,0,0,7.75,Q
927,3,0,male,,1,0,14.4542,C
928,3,0,female,,1,0,14.4542,C
929,3,0,male,,1,0,7.75,Q
930,3,0,male,,1,0,7.75,Q
931,3,0,male,,0,0,7.7375,Q
932,3,0,female,22,2,0,8.6625,S
933,3,0,male,26,2,0,8.6625,S
934,3,1,female,4,0,2,22.025,S
935,3,1,male,29,3,1,22.025,S
936,3,1,female,26,1,1,22.025,S
937,3,0,female,1,1,1,12.1833,S
938,3,0,male,18,1,1,7.8542,S
939,3,0,female,36,0,2,12.1833,S
940,3,0,male,,0,0,7.8958,C
941,3,1,male,25,0,0,7.2292,C
942,3,0,male,,0,0,7.225,C
943,3,0,female,37,0,0,9.5875,S
944,3,0,male,,0,0,7.8958,S
945,3,1,male,,0,0,56.4958,S
946,3,0,male,,0,0,56.4958,S
947,3,1,female,22,0,0,7.25,S
948,3,0,male,,0,0,7.75,Q
949,3,1,male,26,0,0,56.4958,S
950,3,0,male,29,0,0,9.4833,S
951,3,0,male,29,0,0,7.775,S
952,3,0,male,22,0,0,7.775,S
953,3,1,male,22,0,0,7.225,C
954,3,0,male,,3,1,25.4667,S
955,3,0,female,,3,1,25.4667,S
956,3,0,female,,3,1,25.4667,S
957,3,0,female,,3,1,25.4667,S
958,3,0,female,,0,4,25.4667,S
959,3,0,male,32,0,0,7.925,S
960,3,0,male,34.5,0,0,6.4375,C
961,3,0,female,,1,0,15.5,Q
962,3,0,male,,1,0,15.5,Q
963,3,0,male,36,0,0,0,S
964,3,0,male,39,0,0,24.15,S
965,3,0,male,24,0,0,9.5,S
966,3,0,female,25,0,0,7.775,S
967,3,0,female,45,0,0,7.75,S
968,3,0,male,36,1,0,15.55,S
969,3,0,female,30,1,0,15.55,S
970,3,1,male,20,1,0,7.925,S
971,3,0,male,,0,0,7.8792,Q
972,3,0,male,28,0,0,56.4958,S
973,3,0,male,,0,0,7.55,S
974,3,0,male,30,1,0,16.1,S
975,3,0,female,26,1,0,16.1,S
976,3,0,male,,0,0,7.8792,S
977,3,0,male,20.5,0,0,7.25,S
978,3,1,male,27,0,0,8.6625,S
979,3,0,male,51,0,0,7.0542,S
980,3,1,female,23,0,0,7.8542,S
981,3,1,male,32,0,0,7.5792,S
982,3,0,male,,0,0,7.8958,S
983,3,0,male,,0,0,7.55,S
984,3,1,female,,0,0,7.75,Q
985,3,1,male,24,0,0,7.1417,S
986,3,0,male,22,0,0,7.125,S
987,3,0,female,,0,0,7.8792,Q
988,3,0,male,,0,0,7.75,Q
989,3,0,male,,0,0,8.05,S
990,3,0,male,29,0,0,7.925,S
991,3,1,male,,0,0,7.2292,C
992,3,0,female,30.5,0,0,7.75,Q
993,3,1,female,,0,0,7.7375,Q
994,3,0,male,,0,0,7.2292,C
995,3,0,male,35,0,0,7.8958,C
996,3,0,male,33,0,0,7.8958,S
997,3,1,female,,0,0,7.225,C
998,3,0,male,,0,0,7.8958,C
999,3,1,female,,0,0,7.75,Q
1000,3,1,male,,0,0,7.75,Q
1001,3,1,female,,2,0,23.25,Q
1002,3,1,female,,2,0,23.25,Q
1003,3,1,male,,2,0,23.25,Q
1004,3,1,female,,0,0,7.7875,Q
1005,3,0,male,,0,0,15.5,Q
1006,3,1,female,,0,0,7.8792,Q
1007,3,1,female,15,0,0,8.0292,Q
1008,3,0,female,35,0,0,7.75,Q
1009,3,0,male,,0,0,7.75,Q
1010,3,0,male,24,1,0,16.1,S
1011,3,0,female,19,1,0,16.1,S
1012,3,0,female,,0,0,7.75,Q
1013,3,0,female,,0,0,8.05,S
1014,3,0,female,,0,0,8.05,S
1015,3,0,male,55.5,0,0,8.05,S
1016,3,0,male,,0,0,7.75,Q
1017,3,1,male,21,0,0,7.775,S
1018,3,0,male,,0,0,8.05,S
1019,3,0,male,24,0,0,7.8958,S
1020,3,0,male,21,0,0,7.8958,S
1021,3,0,male,28,0,0,7.8958,S
1022,3,0,male,,0,0,7.8958,S
1023,3,1,female,,0,0,7.8792,Q
1024,3,0,male,25,0,0,7.65,S
1025,3,1,male,6,0,1,12.475,S
1026,3,1,female,27,0,1,12.475,S
1027,3,0,male,,0,0,8.05,S
1028,3,1,female,,1,0,24.15,Q
1029,3,0,male,,1,0,24.15,Q
1030,3,0,male,,0,0,8.4583,Q
1031,3,0,male,34,0,0,8.05,S
1032,3,0,male,,0,0,7.75,Q
1033,3,1,male,,0,0,7.775,S
1034,3,1,male,,1,1,15.2458,C
1035,3,1,male,,1,1,15.2458,C
1036,3,1,female,,0,2,15.2458,C
1037,3,1,female,,0,0,7.2292,C
1038,3,0,male,,0,0,8.05,S
1039,3,1,female,,0,0,7.7333,Q
1040,3,1,female,24,0,0,7.75,Q
1041,3,0,male,,0,0,8.05,S
1042,3,1,female,,1,0,15.5,Q
1043,3,1,female,,1,0,15.5,Q
1044,3,1,female,,0,0,15.5,Q
1045,3,0,male,18,0,0,7.75,S
1046,3,0,male,22,0,0,7.8958,S
1047,3,1,female,15,0,0,7.225,C
1048,3,1,female,1,0,2,15.7417,C
1049,3,1,male,20,1,1,15.7417,C
1050,3,1,female,19,1,1,15.7417,C
1051,3,0,male,33,0,0,8.05,S
1052,3,0,male,,0,0,7.8958,S
1053,3,0,male,,0,0,7.2292,C
1054,3,0,female,,0,0,7.75,Q
1055,3,0,male,,0,0,7.8958,S
1056,3,1,male,12,1,0,11.2417,C
1057,3,1,female,14,1,0,11.2417,C
1058,3,0,female,29,0,0,7.925,S
1059,3,0,male,28,0,0,8.05,S
1060,3,1,female,18,0,0,7.775,S
1061,3,1,female,26,0,0,7.8542,S
1062,3,0,male,21,0,0,7.8542,S
1063,3,0,male,41,0,0,7.125,S
1064,3,1,male,39,0,0,7.925,S
1065,3,0,male,21,0,0,7.8,S
1066,3,0,male,28.5,0,0,7.2292,C
1067,3,1,female,22,0,0,7.75,S
1068,3,0,male,61,0,0,6.2375,S
1069,3,0,male,,1,0,15.5,Q
1070,3,0,male,,0,0,7.8292,Q
1071,3,1,female,,1,0,15.5,Q
1072,3,0,male,,0,0,7.7333,Q
1073,3,0,male,,0,0,7.75,Q
1074,3,0,male,,0,0,7.75,Q
1075,3,0,male,23,0,0,9.225,S
1076,3,0,female,,0,0,7.75,Q
1077,3,1,female,,0,0,7.75,Q
1078,3,1,female,,0,0,7.8792,Q
1079,3,1,female,22,0,0,7.775,S
1080,3,1,male,,0,0,7.75,Q
1081,3,1,female,,0,0,7.8292,Q
1082,3,1,male,9,0,1,3.1708,S
1083,3,0,male,28,0,0,22.525,S
1084,3,0,male,42,0,1,8.4042,S
1085,3,0,male,,0,0,7.3125,S
1086,3,0,female,31,0,0,7.8542,S
1087,3,0,male,28,0,0,7.8542,S
1088,3,1,male,32,0,0,7.775,S
1089,3,0,male,20,0,0,9.225,S
1090,3,0,female,23,0,0,8.6625,S
1091,3,0,female,20,0,0,8.6625,S
1092,3,0,male,20,0,0,8.6625,S
1093,3,0,male,16,0,0,9.2167,S
1094,3,1,female,31,0,0,8.6833,S
1095,3,0,female,,0,0,7.6292,Q
1096,3,0,male,2,3,1,21.075,S
1097,3,0,male,6,3,1,21.075,S
1098,3,0,female,3,3,1,21.075,S
1099,3,0,female,8,3,1,21.075,S
1100,3,0,female,29,0,4,21.075,S
1101,3,0,male,1,4,1,39.6875,S
1102,3,0,male,7,4,1,39.6875,S
1103,3,0,male,2,4,1,39.6875,S
1104,3,0,male,16,4,1,39.6875,S
1105,3,0,male,14,4,1,39.6875,S
1106,3,0,female,41,0,5,39.6875,S
1107,3,0,male,21,0,0,8.6625,S
1108,3,0,male,19,0,0,14.5,S
1109,3,0,male,,0,0,8.7125,C
1110,3,0,male,32,0,0,7.8958,S
1111,3,0,male,0.75,1,1,13.775,S
1112,3,0,female,3,1,1,13.775,S
1113,3,0,female,26,0,2,13.775,S
1114,3,0,male,,0,0,7,S
1115,3,0,male,,0,0,7.775,S
1116,3,0,male,,0,0,8.05,S
1117,3,0,male,21,0,0,7.925,S
1118,3,0,male,25,0,0,7.925,S
1119,3,0,male,22,0,0,7.25,S
1120,3,1,male,25,1,0,7.775,S
1121,3,1,male,,1,1,22.3583,C
1122,3,1,female,,1,1,22.3583,C
1123,3,1,female,,0,2,22.3583,C
1124,3,0,female,,0,0,8.1375,Q
1125,3,0,male,24,0,0,8.05,S
1126,3,0,female,28,0,0,7.8958,S
1127,3,0,male,19,0,0,7.8958,S
1128,3,0,male,,0,0,7.8958,S
1129,3,0,male,25,1,0,7.775,S
1130,3,0,female,18,0,0,7.775,S
1131,3,1,male,32,0,0,8.05,S
1132,3,0,male,,0,0,7.8958,S
1133,3,0,male,17,0,0,8.6625,S
1134,3,0,male,24,0,0,8.6625,S
1135,3,0,male,,0,0,7.8958,S
1136,3,0,female,,0,0,8.1125,S
1137,3,0,male,,0,0,7.2292,C
1138,3,0,male,,0,0,7.25,S
1139,3,0,male,38,0,0,7.8958,S
1140,3,0,male,21,0,0,8.05,S
1141,3,0,male,10,4,1,29.125,Q
1142,3,0,male,4,4,1,29.125,Q
1143,3,0,male,7,4,1,29.125,Q
1144,3,0,male,2,4,1,29.125,Q
1145,3,0,male,8,4,1,29.125,Q
1146,3,0,female,39,0,5,29.125,Q
1147,3,0,female,22,0,0,39.6875,S
1148,3,0,male,35,0,0,7.125,S
1149,3,1,female,,0,0,7.7208,Q
1150,3,0,male,,0,0,14.5,S
1151,3,0,female,,0,0,14.5,S
1152,3,0,male,50,1,0,14.5,S
1153,3,0,female,47,1,0,14.5,S
1154,3,0,male,,0,0,8.05,S
1155,3,0,male,,0,0,7.775,S
1156,3,0,female,2,1,1,20.2125,S
1157,3,0,male,18,1,1,20.2125,S
1158,3,0,female,41,0,2,20.2125,S
1159,3,1,female,,0,0,8.05,S
1160,3,0,male,50,0,0,8.05,S
1161,3,0,male,16,0,0,8.05,S
1162,3,1,male,,0,0,7.75,Q
1163,3,0,male,,0,0,24.15,Q
1164,3,0,male,,0,0,7.2292,C
1165,3,0,male,25,0,0,7.225,C
1166,3,0,male,,0,0,7.225,C
1167,3,0,male,,0,0,7.7292,Q
1168,3,0,male,,0,0,7.575,S
1169,3,0,male,38.5,0,0,7.25,S
1170,3,0,male,,8,2,69.55,S
1171,3,0,male,14.5,8,2,69.55,S
1172,3,0,female,,8,2,69.55,S
1173,3,0,female,,8,2,69.55,S
1174,3,0,female,,8,2,69.55,S
1175,3,0,female,,8,2,69.55,S
1176,3,0,male,,8,2,69.55,S
1177,3,0,male,,8,2,69.55,S
1178,3,0,male,,8,2,69.55,S
1179,3,0,male,,1,9,69.55,S
1180,3,0,female,,1,9,69.55,S
1181,3,0,male,24,0,0,9.325,S
1182,3,1,female,21,0,0,7.65,S
1183,3,0,male,39,0,0,7.925,S
1184,3,0,male,,2,0,21.6792,C
1185,3,0,male,,2,0,21.6792,C
1186,3,0,male,,2,0,21.6792,C
1187,3,1,female,1,1,1,16.7,S
1188,3,1,female,24,0,2,16.7,S
1189,3,1,female,4,1,1,16.7,S
1190,3,1,male,25,0,0,9.5,S
1191,3,0,male,20,0,0,8.05,S
1192,3,0,male,24.5,0,0,8.05,S
1193,3,0,male,,0,0,7.725,Q
1194,3,0,male,,0,0,7.8958,S
1195,3,0,male,,0,0,7.75,Q
1196,3,1,male,29,0,0,9.5,S
1197,3,0,male,,0,0,15.1,S
1198,3,1,female,,0,0,7.7792,Q
1199,3,0,male,,0,0,8.05,S
1200,3,0,male,,0,0,8.05,S
1201,3,0,male,22,0,0,7.2292,C
1202,3,0,male,,0,0,8.05,S
1203,3,0,male,40,0,0,7.8958,S
1204,3,0,male,21,0,0,7.925,S
1205,3,1,female,18,0,0,7.4958,S
1206,3,0,male,4,3,2,27.9,S
1207,3,0,male,10,3,2,27.9,S
1208,3,0,female,9,3,2,27.9,S
1209,3,0,female,2,3,2,27.9,S
1210,3,0,male,40,1,4,27.9,S
1211,3,0,female,45,1,4,27.9,S
1212,3,0,male,,0,0,7.8958,S
1213,3,0,male,,0,0,8.05,S
1214,3,0,male,,0,0,8.6625,S
1215,3,0,male,,0,0,7.75,Q
1216,3,1,female,,0,0,7.7333,Q
1217,3,0,male,19,0,0,7.65,S
1218,3,0,male,30,0,0,8.05,S
1219,3,0,male,,0,0,8.05,S
1220,3,0,male,32,0,0,8.05,S
1221,3,0,male,,0,0,7.8958,S
1222,3,0,male,33,0,0,8.6625,C
1223,3,1,female,23,0,0,7.55,S
1224,3,0,male,21,0,0,8.05,S
1225,3,0,male,60.5,0,0,,S
1226,3,0,male,19,0,0,7.8958,S
1227,3,0,female,22,0,0,9.8375,S
1228,3,1,male,31,0,0,7.925,S
1229,3,0,male,27,0,0,8.6625,S
1230,3,0,female,2,0,1,10.4625,S
1231,3,0,female,29,1,1,10.4625,S
1232,3,1,male,16,0,0,8.05,S
1233,3,1,male,44,0,0,7.925,S
1234,3,0,male,25,0,0,7.05,S
1235,3,0,male,74,0,0,7.775,S
1236,3,1,male,14,0,0,9.225,S
1237,3,0,male,24,0,0,7.7958,S
1238,3,1,male,25,0,0,7.7958,S
1239,3,0,male,34,0,0,8.05,S
1240,3,1,male,0.4167,0,1,8.5167,C
1241,3,0,male,,1,0,6.4375,C
1242,3,0,male,,0,0,6.4375,C
1243,3,0,male,,0,0,7.225,C
1244,3,1,female,16,1,1,8.5167,C
1245,3,0,male,,0,0,8.05,S
1246,3,0,male,,1,0,16.1,S
1247,3,1,female,,1,0,16.1,S
1248,3,0,male,32,0,0,7.925,S
1249,3,0,male,,0,0,7.75,Q
1250,3,0,male,,0,0,7.8958,S
1251,3,0,male,30.5,0,0,8.05,S
1252,3,0,male,44,0,0,8.05,S
1253,3,0,male,,0,0,7.2292,C
1254,3,1,male,25,0,0,0,S
1255,3,0,male,,0,0,7.2292,C
1256,3,1,male,7,1,1,15.2458,C
1257,3,1,female,9,1,1,15.2458,C
1258,3,1,female,29,0,2,15.2458,C
1259,3,0,male,36,0,0,7.8958,S
1260,3,1,female,18,0,0,9.8417,S
1261,3,1,female,63,0,0,9.5875,S
1262,3,0,male,,1,1,14.5,S
1263,3,0,male,11.5,1,1,14.5,S
1264,3,0,male,40.5,0,2,14.5,S
1265,3,0,female,10,0,2,24.15,S
1266,3,0,male,36,1,1,24.15,S
1267,3,0,female,30,1,1,24.15,S
1268,3,0,male,,0,0,9.5,S
1269,3,0,male,33,0,0,9.5,S
1270,3,0,male,28,0,0,9.5,S
1271,3,0,male,28,0,0,9.5,S
1272,3,0,male,47,0,0,9,S
1273,3,0,female,18,2,0,18,S
1274,3,0,male,31,3,0,18,S
1275,3,0,male,16,2,0,18,S
1276,3,0,female,31,1,0,18,S
1277,3,1,male,22,0,0,7.225,C
1278,3,0,male,20,0,0,7.8542,S
1279,3,0,female,14,0,0,7.8542,S
1280,3,0,male,22,0,0,7.8958,S
1281,3,0,male,22,0,0,9,S
1282,3,0,male,,0,0,8.05,S
1283,3,0,male,,0,0,7.55,S
1284,3,0,male,,0,0,8.05,S
1285,3,0,male,32.5,0,0,9.5,S
1286,3,1,female,38,0,0,7.2292,C
1287,3,0,male,51,0,0,7.75,S
1288,3,0,male,18,1,0,6.4958,S
1289,3,0,male,21,1,0,6.4958,S
1290,3,1,female,47,1,0,7,S
1291,3,0,male,,0,0,8.7125,S
1292,3,0,male,,0,0,7.55,S
1293,3,0,male,,0,0,8.05,S
1294,3,0,male,28.5,0,0,16.1,S
1295,3,0,male,21,0,0,7.25,S
1296,3,0,male,27,0,0,8.6625,S
1297,3,0,male,,0,0,7.25,S
1298,3,0,male,36,0,0,9.5,S
1299,3,0,male,27,1,0,14.4542,C
1300,3,1,female,15,1,0,14.4542,C
1301,3,0,male,45.5,0,0,7.225,C
1302,3,0,male,,0,0,7.225,C
1303,3,0,male,,0,0,14.4583,C
1304,3,0,female,14.5,1,0,14.4542,C
1305,3,0,female,,1,0,14.4542,C
1306,3,0,male,26.5,0,0,7.225,C
1307,3,0,male,27,0,0,7.225,C
1308,3,0,male,29,0,0,7.875,S
