id,pclass,sex,age,sibsp,parch,fare,embarked
1148,3,male,35.0,0,0,7.125,S
1049,3,male,20.0,1,1,15.7417,C
982,3,male,,0,0,7.8958,S
808,3,male,,0,0,8.05,S
1195,3,male,,0,0,7.75,Q
240,1,male,45.0,0,0,26.55,S
1118,3,male,25.0,0,0,7.925,S
596,2,male,31.0,0,0,13.0,S
924,3,male,34.5,0,0,7.8292,Q
65,1,female,33.0,1,0,53.1,S
1176,3,male,,8,2,69.55,S
1186,3,male,,2,0,21.6792,C
1057,3,female,14.0,1,0,11.2417,C
879,3,male,,0,0,7.8958,S
996,3,male,33.0,0,0,7.8958,S
1077,3,female,,0,0,7.75,Q
1164,3,male,,0,0,7.2292,C
1061,3,female,26.0,0,0,7.8542,S
308,1,female,55.0,0,0,135.6333,C
764,3,male,26.0,1,2,20.575,S
1227,3,female,22.0,0,0,9.8375,S
51,1,male,33.0,0,0,5.0,S
850,3,male,21.0,0,0,7.8542,S
261,1,male,35.0,0,0,26.2875,S
953,3,male,22.0,0,0,7.225,C
679,3,female,9.0,1,1,15.2458,C
429,2,male,44.0,0,0,13.0,S
371,2,female,45.0,0,2,30.0,S
1040,3,female,24.0,0,0,7.75,Q
192,1,female,58.0,0,0,146.5208,C
538,2,male,30.0,0,0,12.7375,C
427,2,male,0.6667,1,1,14.5,S
1002,3,female,,2,0,23.25,Q
63,1,female,47.0,1,0,61.175,S
390,2,male,17.0,0,0,73.5,S
1271,3,male,28.0,0,0,9.5,S
208,1,female,37.0,1,0,90.0,Q
409,2,male,36.0,0,0,13.0,S
76,1,female,39.0,1,1,83.1583,C
184,1,male,,0,0,27.7208,C
536,2,female,32.0,0,0,13.0,S
777,3,male,19.0,0,0,8.05,S
358,2,female,42.0,0,0,13.0,S
933,3,male,26.0,2,0,8.6625,S
1093,3,male,16.0,0,0,9.2167,S
1292,3,male,,0,0,7.55,S
1285,3,male,32.5,0,0,9.5,S
661,3,female,18.0,0,0,8.05,S
573,2,female,27.0,0,0,10.5,S
1067,3,female,22.0,0,0,7.75,S
44,1,female,41.0,0,0,134.5,C
1293,3,male,,0,0,8.05,S
231,1,male,52.0,0,0,30.5,S
78,1,female,64.0,0,2,83.1583,C
615,3,male,20.0,0,0,7.925,S
552,2,male,19.0,0,0,10.5,S
115,1,male,64.0,1,4,263.0,S
49,1,male,36.0,0,1,512.3292,C
912,3,male,30.0,0,0,7.8958,S
845,3,female,24.0,1,0,15.85,S
447,2,male,23.0,2,1,11.5,S
613,3,male,26.0,0,0,18.7875,C
322,1,female,36.0,0,0,135.6333,C
503,2,male,19.0,0,0,10.5,S
309,1,female,31.0,0,2,164.8667,S
23,1,female,42.0,0,0,227.525,C
43,1,female,60.0,0,0,76.2917,C
506,2,male,70.0,0,0,10.5,S
744,3,male,19.0,0,0,10.1708,S
787,3,male,16.0,0,0,7.775,S
101,1,male,39.0,0,0,29.7,C
331,2,male,18.0,0,0,11.5,S
731,3,male,19.0,0,0,7.8958,S
746,3,male,29.0,0,0,7.75,Q
549,2,male,3.0,1,1,18.75,S
712,3,male,24.0,0,0,8.05,S
767,3,male,,0,0,7.8958,S
382,2,female,,0,0,21.0,S
585,2,male,27.0,1,0,26.0,S
481,2,female,22.0,1,2,41.5792,C
708,3,male,24.0,0,0,7.8542,S
1102,3,male,7.0,4,1,39.6875,S
964,3,male,39.0,0,0,24.15,S
714,3,male,32.0,0,0,56.4958,S
1026,3,female,27.0,0,1,12.475,S
410,2,male,,0,0,0.0,S
755,3,male,17.0,2,0,8.05,S
438,2,female,24.0,1,2,65.0,S
247,1,female,54.0,1,0,59.4,C
275,1,female,40.0,1,1,134.5,C
32,1,female,30.0,0,0,164.8667,S
351,2,male,60.0,1,1,39.0,S
743,3,female,22.0,0,0,10.5167,S
1116,3,male,,0,0,8.05,S
81,1,male,70.0,1,1,71.0,S
1069,3,male,,1,0,15.5,Q
210,1,male,55.0,0,0,30.5,S
270,1,female,18.0,1,0,60.0,S
316,1,male,51.0,0,1,61.3792,C
939,3,female,36.0,0,2,12.1833,S
243,1,male,46.0,0,0,79.2,C
949,3,male,26.0,0,0,56.4958,S
1054,3,female,,0,0,7.75,Q
865,3,female,,0,0,7.75,Q
617,3,male,25.0,0,0,7.05,S
976,3,male,,0,0,7.8792,S
710,3,female,37.0,0,0,7.75,Q
1108,3,male,19.0,0,0,14.5,S
1198,3,female,,0,0,7.7792,Q
198,1,female,18.0,1,0,53.1,S
705,3,male,,1,0,14.4583,C
432,2,male,62.0,0,0,10.5,S
1301,3,male,45.5,0,0,7.225,C
482,2,female,17.0,0,0,12.0,C
291,1,female,39.0,1,1,79.65,S
1283,3,male,,0,0,7.55,S
977,3,male,20.5,0,0,7.25,S
254,1,male,,0,0,30.5,S
990,3,male,29.0,0,0,7.925,S
584,2,female,32.5,0,0,13.0,S
631,3,male,26.0,0,0,7.775,S
58,1,male,49.0,0,0,26.0,S
244,1,male,36.0,0,0,40.125,C
1042,3,female,,1,0,15.5,Q
1280,3,male,22.0,0,0,7.8958,S
858,3,male,,0,0,56.4958,S
394,2,male,18.0,0,0,73.5,S
626,3,female,38.0,4,2,7.775,S
282,1,female,52.0,1,0,78.2667,C
1013,3,female,,0,0,8.05,S
1007,3,female,15.0,0,0,8.0292,Q
380,2,female,22.0,0,0,10.5,S
86,1,male,51.0,0,0,26.55,S
123,1,male,60.0,1,1,79.2,C
221,1,male,65.0,0,1,61.9792,C
286,1,female,63.0,1,0,221.7792,S
1217,3,male,19.0,0,0,7.65,S
1295,3,male,21.0,0,0,7.25,S
1128,3,male,,0,0,7.8958,S
936,3,female,26.0,1,1,22.025,S
998,3,male,,0,0,7.8958,C
128,1,male,47.0,0,0,38.5,S
867,3,female,22.0,1,1,12.2875,S
220,1,female,22.0,0,1,61.9792,C
363,2,male,,0,0,0.0,S
381,2,female,30.0,0,0,13.0,S
1155,3,male,,0,0,7.775,S
1234,3,male,25.0,0,0,7.05,S
859,3,female,18.0,0,0,6.75,Q
1033,3,male,,0,0,7.775,S
785,3,female,22.0,1,0,13.9,S
872,3,female,,0,0,8.05,S
29,1,male,28.0,0,0,26.55,S
857,3,male,27.0,0,0,6.975,S
367,2,male,52.0,0,0,13.5,S
31,1,male,40.0,0,0,31.0,C
582,2,female,12.0,0,0,15.75,S
1266,3,male,36.0,1,1,24.15,S
948,3,male,,0,0,7.75,Q
634,3,male,26.0,0,0,7.8958,S
70,1,male,,0,0,0.0,S
1223,3,female,23.0,0,0,7.55,S
1254,3,male,25.0,0,0,0.0,S
1018,3,male,,0,0,8.05,S
478,2,female,1.0,1,2,41.5792,C
1058,3,female,29.0,0,0,7.925,S
1117,3,male,21.0,0,0,7.925,S
1004,3,female,,0,0,7.7875,Q
1063,3,male,41.0,0,0,7.125,S
560,2,female,30.0,0,0,13.0,S
48,1,female,53.0,0,0,27.4458,C
113,1,female,23.0,3,2,263.0,S
155,1,female,52.0,1,1,93.5,S
1094,3,female,31.0,0,0,8.6833,S
430,2,female,6.0,0,1,33.0,S
303,1,male,64.0,1,0,75.25,C
233,1,female,56.0,0,1,83.1583,C
622,3,male,4.0,4,2,31.275,S
997,3,female,,0,0,7.225,C
1298,3,male,36.0,0,0,9.5,S
589,2,female,29.0,0,2,23.0,S
196,1,male,,0,0,29.7,C
816,3,male,,0,0,7.8958,C
218,1,female,39.0,0,0,108.9,C
1259,3,male,36.0,0,0,7.8958,S
107,1,female,,0,0,31.6833,S
630,3,male,27.0,0,0,7.7958,S
1034,3,male,,1,1,15.2458,C
1050,3,female,19.0,1,1,15.7417,C
1158,3,female,41.0,0,2,20.2125,S
1242,3,male,,0,0,6.4375,C
1206,3,male,4.0,3,2,27.9,S
1083,3,male,28.0,0,0,22.525,S
597,2,male,,0,0,13.0,S
672,3,male,,0,0,7.2292,C
1201,3,male,22.0,0,0,7.2292,C
618,3,male,35.0,0,0,8.05,S
1173,3,female,,8,2,69.55,S
342,2,female,36.0,0,3,39.0,S
168,1,female,38.0,0,0,80.0,
493,2,male,31.0,1,1,37.0042,C
1274,3,male,31.0,3,0,18.0,S
259,1,male,34.0,0,0,26.55,S
439,2,male,49.0,1,2,65.0,S
610,3,female,40.0,1,0,9.475,S
528,2,male,,0,0,0.0,S
551,2,female,50.0,0,0,10.5,S
1144,3,male,2.0,4,1,29.125,Q
174,1,male,58.0,0,0,29.7,C
624,3,female,2.0,4,2,31.275,S
1213,3,male,,0,0,8.05,S
361,2,female,22.0,1,1,29.0,S
527,2,male,28.0,0,0,10.5,S
54,1,male,11.0,1,2,120.0,S
405,2,male,18.0,0,0,13.0,S
490,2,female,57.0,0,0,10.5,S
479,2,female,3.0,1,2,41.5792,C
56,1,male,36.0,1,2,120.0,S
894,3,male,4.0,1,1,11.1333,S
711,3,male,28.0,0,0,7.25,S
163,1,female,35.0,1,0,52.0,S
109,1,male,36.0,0,0,26.3875,S
377,2,female,8.0,0,2,26.25,S
680,3,male,,0,0,7.225,C
994,3,male,,0,0,7.2292,C
526,2,male,29.0,0,0,13.8583,C
723,3,male,31.0,0,0,7.7333,Q
762,3,male,1.0,1,2,20.575,S
265,1,male,28.0,0,0,35.5,S
1190,3,male,25.0,0,0,9.5,S
644,3,male,40.0,1,5,31.3875,S
818,3,female,16.0,0,0,7.7333,Q
1251,3,male,30.5,0,0,8.05,S
730,3,male,27.0,0,0,7.8958,S
535,2,male,43.0,0,1,21.0,S
344,2,female,19.0,0,0,13.0,S
651,3,male,30.0,0,0,7.225,C
413,2,male,38.0,1,0,21.0,S
991,3,male,,0,0,7.2292,C
561,2,male,59.0,0,0,13.5,S
973,3,male,,0,0,7.55,S
1290,3,female,47.0,1,0,7.0,S
988,3,male,,0,0,7.75,Q
942,3,male,,0,0,7.225,C
636,3,female,18.0,1,0,17.8,S
1070,3,male,,0,0,7.8292,Q
239,1,male,31.0,0,0,50.4958,S
986,3,male,22.0,0,0,7.125,S
346,2,male,26.0,0,0,13.0,S
892,3,male,31.0,0,0,7.775,S
170,1,male,49.0,0,0,0.0,S
727,3,male,70.5,0,0,7.75,Q
861,3,female,23.0,0,0,7.925,S
297,1,female,,0,0,79.2,C
567,2,male,25.0,0,0,10.5,S
963,3,male,36.0,0,0,0.0,S
209,1,male,30.0,1,0,57.75,C
572,2,female,28.0,0,0,12.65,S
140,1,male,23.0,0,1,63.3583,C
1182,3,female,21.0,0,0,7.65,S
312,1,male,50.0,1,1,211.5,C
199,1,female,24.0,0,0,49.5042,C
